"","level","start","end"
"1",1,32.1099666666667,62.3295
"2",2,32.1099666666667,34.5789333333333
"3",3,34.5298333333333,34.5789333333333
"4",4,34.5298333333333,34.5789333333333
