"","level","start","end"
"1",1,32.10996667,62.3295
"2",2,32.10996667,34.57893333
"3",3,34.52983333,34.57893333
"4",4,34.52983333,34.57893333
"5",5,34.56223333,34.57893333
